measurement_id,hydrostatic_pressure
7102,0
14935,0
16495,0
10942,0
12600,0
20665,0
21048,0
7271,0
12672,0
5334,0
4035,0
17322,0
8543,0
13355,0
1806,0
13036,0
3201,0
13936,0
5417,0
2153,0
13928,0
13023,0
16770,0
7886,0
4443,0
15297,0
12263,0
2768,0
2326,0
13213,0
4345,0
15979,0
6259,0
8973,0
15812,0
18400,0
17950,0
424,0
564,0
7663,0
13143,0
20872,0
7568,0
7452,0
18079,0
16063,0
16810,0
4708,0
20410,0
15121,0
12190,0
15843,0
475,0
12826,0
13428,0
4526,0
384,0
16137,0
21329,0
18443,0
17319,0
13199,0
4140,0
2534,0
3818,0
15054,0
11567,0
13220,0
3932,0
3363,0
7651,0
20625,0
16006,0
17872,0
3166,0
12033,0
6294,0
13691,0
6498,0
3262,0
2879,0
19096,0
3711,0
13411,0
19991,0
11038,0
17349,0
13094,0
11793,0
12580,0
18609,0
6249,0
11967,0
18508,0
1046,0
14930,0
4069,0
8571,0
16219,0
11386,0
9264,0
4294,0
20253,0
3848,0
2519,0
6527,0
20204,0
4789,0
6845,0
18087,0
9179,0
13267,0
2677,0
14033,0
4973,0
15022,0
5801,0
15509,0
9932,0
10176,0
13067,0
7832,0
719,0
2271,0
11415,0
12064,0
15880,0
14688,0
15376,0
5622,0
8214,0
6499,0
19877,0
2291,0
21687,0
2517,0
10332,0
13031,0
16858,0
11290,0
16598,0
3001,0
15819,0
5844,0
17324,0
4519,0
4346,0
14817,0
7576,0
14661,0
12224,0
11513,0
20404,0
14049,0
12823,0
8603,0
5383,0
16952,0
8148,0
21428,0
6770,0
4549,0
11150,0
15592,0
3573,0
9357,0
3389,0
19654,0
21375,0
1053,0
8281,0
16468,0
2877,0
14355,0
6152,0
1413,0
14279,0
2200,0
13269,0
19666,0
3504,0
4982,0
2648,0
5216,0
14966,0
14480,0
2426,0
21482,0
8542,0
1458,0
14060,0
16424,0
200,0
17315,0
2905,0
6163,0
9624,0
19205,0
12555,0
4967,0
18463,0
7709,0
3148,0
13621,0
5585,0
17153,0
1643,0
504,0
45,0
9615,0
3297,0
8758,0
5497,0
17958,0
5529,0
15786,0
135,0
14655,0
2916,0
5475,0
11609,0
248,0
16482,0
5565,0
11720,0
2266,0
15816,0
5935,0
12632,0
19184,0
12619,0
4497,0
8632,0
10009,0
15384,0
12034,0
4161,0
7543,0
12866,0
2645,0
8252,0
7364,0
11189,0
17508,0
1892,0
20138,0
19329,0
7139,0
6196,0
8629,0
13497,0
13785,0
19975,0
21436,0
21304,0
10561,0
11671,0
13367,0
12083,0
8196,0
3311,0
6650,0
11209,0
3821,0
14360,0
21359,0
9791,0
6825,0
2120,0
14089,0
17400,0
17982,0
689,0
20423,0
8294,0
21145,0
16637,0
8351,0
17205,0
3487,0
370,0
12620,0
8455,0
13767,0
18563,0
857,0
16154,0
7098,0
1573,0
4546,0
16226,0
7959,0
7736,0
20628,0
492,0
5709,0
10857,0
19306,0
16263,0
7031,0
21350,0
13644,0
21654,0
18685,0
14867,0
2413,0
1612,0
19258,0
20820,0
18683,0
9839,0
1193,0
15120,0
21404,0
21646,0
12079,0
3726,0
14430,0
20426,0
10766,0
6329,0
19016,0
15410,0
17945,0
12532,0
2639,0
4743,0
21184,0
14426,0
3036,0
2725,0
13340,0
3097,0
19355,0
17180,0
20942,0
5217,0
14854,0
16923,0
11409,0
14231,0
8166,0
4700,0
4421,0
11214,0
12396,0
12609,0
2251,0
3071,0
12028,0
16306,0
13756,0
10599,0
13776,0
21033,0
20251,0
1244,0
13883,0
21481,0
18879,0
19992,0
21643,0
21135,0
6096,0
13736,0
13452,0
17148,0
6187,0
8295,0
15052,0
15931,0
11104,0
2246,0
13678,0
6663,0
8367,0
12315,0
15994,0
21006,0
12291,0
14369,0
6578,0
1504,0
4388,0
17887,0
19928,0
7173,0
18112,0
17738,0
8765,0
1064,0
5747,0
15098,0
2128,0
20376,0
6467,0
20885,0
11451,0
6310,0
13249,0
7822,0
6037,0
20852,0
1035,0
11628,0
13344,0
9542,0
2535,0
9225,0
11681,0
5152,0
18271,0
18354,0
5504,0
12382,0
1088,0
16565,0
15246,0
6099,0
20513,0
8910,0
15131,0
4141,0
641,0
16182,0
14780,0
11735,0
20169,0
736,0
16273,0
17013,0
18822,0
12296,0
15659,0
19723,0
17550,0
8716,0
11145,0
2622,0
1596,0
9013,0
7815,0
15133,0
1505,0
2646,0
18834,0
4578,0
16186,0
13485,0
1202,0
7446,0
12360,0
3533,0
19235,0
6881,0
8586,0
5479,0
10634,0
5215,0
11287,0
8779,0
12585,0
4338,0
8959,0
10839,0
6957,0
3530,0
16023,0
15405,0
19997,0
3024,0
15487,0
17660,0
8194,0
2116,0
12430,0
10747,0
222,0
17780,0
18095,0
19590,0
6780,0
7287,0
12420,0
11039,0
10445,0
3827,0
13149,0
342,0
5117,0
7916,0
14510,0
5069,0
2301,0
1093,0
4329,0
4784,0
13816,0
13596,0
7626,0
7947,0
2813,0
8923,0
15228,0
867,0
12750,0
9086,0
20283,0
21194,0
7882,0
17984,0
17548,0
3211,0
21211,0
9617,0
17932,0
15648,0
6601,0
2528,0
3503,0
1685,0
6219,0
6243,0
813,0
1494,0
5116,0
8646,0
18358,0
8669,0
13041,0
13707,0
3902,0
18155,0
20433,0
8615,0
21400,0
20958,0
9611,0
2715,0
15253,0
2169,0
5536,0
1816,0
21432,0
17067,0
14910,0
17216,0
3589,0
35,0
11072,0
20091,0
2502,0
8414,0
9929,0
17051,0
3708,0
15864,0
12205,0
17262,0
13064,0
18782,0
13607,0
17746,0
3329,0
16618,0
8766,0
1769,0
3639,0
1329,0
6165,0
209,0
20209,0
6240,0
10290,0
10286,0
4166,0
3016,0
14056,0
12171,0
2154,0
5408,0
15908,0
15093,0
15028,0
18964,0
7647,0
3101,0
5815,0
211,0
2827,0
6139,0
4190,0
19631,0
16202,0
17277,0
6106,0
1720,0
19595,0
6935,0
13664,0
21235,0
7150,0
9830,0
18630,0
12504,0
19905,0
6491,0
20420,0
6816,0
21394,0
18374,0
12511,0
1028,0
9101,0
16829,0
5618,0
21703,0
16214,0
3223,0
3687,0
17108,0
8318,0
16712,0
5082,0
14254,0
17175,0
17892,0
4990,0
17513,0
8611,0
18425,0
2309,0
9469,0
4157,0
972,0
20342,0
14199,0
10499,0
21240,0
14194,0
13438,0
9021,0
12592,0
7406,0
8332,0
7564,0
4937,0
513,0
15644,0
2203,0
19643,0
1262,0
5712,0
5467,0
386,0
17618,0
13751,0
20375,0
7477,0
15365,0
2239,0
11098,0
18827,0
13119,0
15670,0
13955,0
19375,0
10982,0
4845,0
19845,0
18505,0
19083,0
4105,0
12197,0
2324,0
14102,0
18927,0
12771,0
18726,0
19345,0
3923,0
9099,0
11753,0
17226,0
5568,0
19471,0
7686,0
21884,0
19490,0
409,0
12409,0
14546,0
17697,0
13003,0
21391,0
4950,0
9116,0
5889,0
20288,0
7153,0
16177,0
16894,0
5567,0
21827,0
555,0
18534,0
946,0
9120,0
14451,0
2562,0
18514,0
10350,0
2899,0
17017,0
5733,0
3247,0
18715,0
10357,0
13475,0
16816,0
9705,0
18880,0
21449,0
18145,0
11193,0
20312,0
3352,0
7535,0
3464,0
7682,0
15537,0
3499,0
14224,0
1714,0
14577,0
5437,0
448,0
14385,0
21218,0
2175,0
9641,0
21091,0
17243,0
3214,0
7121,0
10514,0
13904,0
12180,0
11569,0
17068,0
15012,0
17370,0
1449,0
10022,0
11597,0
16451,0
12884,0
6395,0
17724,0
9428,0
1748,0
19176,0
20606,0
292,0
13286,0
3844,0
5415,0
14072,0
14311,0
19844,0
11128,0
5654,0
7299,0
2911,0
17287,0
937,0
4392,0
4597,0
8440,0
8296,0
1298,0
15842,0
2863,0
21009,0
4505,0
20356,0
16982,0
7049,0
19603,0
19063,0
16979,0
13424,0
16470,0
9432,0
607,0
13582,0
21822,0
2085,0
11499,0
17881,0
13086,0
9314,0
9499,0
20210,0
9723,0
9561,0
3430,0
10063,0
14743,0
4581,0
7859,0
12742,0
18633,0
1766,0
17598,0
13481,0
19860,0
18691,0
3395,0
12496,0
14508,0
20164,0
16109,0
13349,0
425,0
9011,0
19328,0
6757,0
20615,0
1636,0
17026,0
9040,0
2930,0
9255,0
1183,0
8613,0
5971,0
20252,0
20546,0
5108,0
7052,0
7257,0
19040,0
14104,0
16072,0
20337,0
21010,0
7091,0
1881,0
17138,0
5044,0
11698,0
9164,0
4044,0
3015,0
1428,0
19566,0
1291,0
12861,0
13388,0
11624,0
345,0
17166,0
11580,0
981,0
19664,0
20507,0
11013,0
3367,0
14815,0
10064,0
5991,0
18987,0
13251,0
11064,0
1339,0
20109,0
17121,0
19778,0
12660,0
17358,0
5983,0
6505,0
15663,0
9995,0
17164,0
11763,0
21469,0
2572,0
3512,0
6587,0
19679,0
3231,0
18002,0
9872,0
4398,0
19993,0
14220,0
17327,0
20394,0
17162,0
17312,0
10727,0
2196,0
5901,0
2451,0
1457,0
5285,0
21439,0
11959,0
8239,0
12530,0
18904,0
7956,0
11369,0
14626,0
1490,0
3948,0
13173,0
16275,0
12476,0
7714,0
10169,0
10036,0
19395,0
21422,0
6287,0
8864,0
11899,0
16065,0
9301,0
21071,0
4872,0
8375,0
16216,0
7140,0
11733,0
11637,0
18444,0
20673,0
5161,0
12552,0
12347,0
8408,0
5260,0
19807,0
19310,0
2021,0
13943,0
13478,0
12499,0
1475,0
15952,0
11007,0
7668,0
6600,0
18085,0
21389,0
4038,0
14618,0
2767,0
10426,0
4286,0
19672,0
12786,0
9990,0
323,0
18729,0
10888,0
2409,0
13161,0
7883,0
14323,0
1902,0
1969,0
12295,0
6688,0
14612,0
14549,0
6028,0
9906,0
21236,0
12050,0
7548,0
16068,0
16044,0
2520,0
3489,0
10049,0
485,0
8466,0
3577,0
10615,0
844,0
8192,0
10369,0
17981,0
8688,0
3435,0
17826,0
14121,0
9234,0
6481,0
7802,0
20624,0
16144,0
18397,0
2859,0
4773,0
7922,0
13035,0
2797,0
2230,0
13583,0
3770,0
8065,0
7748,0
17105,0
1057,0
20867,0
3510,0
21056,0
2642,0
4402,0
8584,0
4775,0
20005,0
19298,0
19918,0
16715,0
12551,0
12613,0
13446,0
1228,0
17495,0
4259,0
6268,0
16534,0
10118,0
12586,0
14779,0
18684,0
19828,0
15020,0
9406,0
2256,0
4814,0
9422,0
3046,0
4283,0
452,0
3799,0
12185,0
1312,0
15930,0
18178,0
912,0
12234,0
15691,0
20962,0
13554,0
4149,0
10121,0
8345,0
9277,0
3965,0
12893,0
19161,0
11051,0
10744,0
134,0
18574,0
16196,0
3922,0
18023,0
17799,0
6276,0
20373,0
6931,0
6811,0
16048,0
21459,0
9290,0
21807,0
17938,0
6238,0
9888,0
20926,0
14447,0
3278,0
3951,0
3700,0
2151,0
6189,0
19586,0
6507,0
9299,0
12969,0
15619,0
11317,0
18047,0
1828,0
7986,0
14314,0
10020,0
5231,0
6428,0
3635,0
11841,0
11147,0
1513,0
6046,0
11652,0
3972,0
10937,0
3269,0
10352,0
9801,0
5752,0
5850,0
20620,0
15284,0
7579,0
1454,0
12316,0
13983,0
18152,0
17461,0
13881,0
8285,0
15814,0
19520,0
9082,0
17476,0
13913,0
16835,0
2580,0
10576,0
4974,0
11894,0
9652,0
7713,0
20321,0
13283,0
11338,0
18931,0
18484,0
21263,0
10773,0
14338,0
12177,0
7902,0
18150,0
2146,0
11492,0
13917,0
20430,0
5558,0
16797,0
17664,0
3490,0
3185,0
21415,0
14946,0
16418,0
10854,0
483,0
11910,0
4004,0
18460,0
6539,0
1399,0
7021,0
3387,0
19565,0
140,0
10435,0
15429,0
2062,0
3438,0
15560,0
17946,0
17426,0
17589,0
16604,0
266,0
8394,0
13206,0
2982,0
6054,0
9792,0
4707,0
9543,0
6449,0
20545,0
5533,0
21575,0
2584,0
7984,0
16720,0
12020,0
17225,0
1871,0
9546,0
7640,0
13888,0
7884,0
13359,0
12282,0
9566,0
19042,0
11983,0
20273,0
17213,0
8952,0
12293,0
6456,0
7889,0
2013,0
4480,0
4744,0
9959,0
13629,0
7581,0
11360,0
275,0
11251,0
804,0
10659,0
4631,0
2481,0
10651,0
11063,0
6596,0
18653,0
5438,0
13760,0
12999,0
8342,0
16438,0
14725,0
6528,0
1699,0
2352,0
324,0
2044,0
17363,0
20756,0
9741,0
12442,0
8510,0
9316,0
6689,0
12267,0
15613,0
11686,0
13798,0
8817,0
13951,0
2267,0
20111,0
2547,0
21505,0
14399,0
8307,0
7809,0
8410,0
18996,0
19816,0
1115,0
7552,0
2596,0
14987,0
15857,0
1979,0
6225,0
15290,0
5473,0
3644,0
19381,0
4206,0
11944,0
1078,0
11379,0
12460,0
16820,0
19808,0
11751,0
14248,0
15581,0
4045,0
5976,0
15789,0
18601,0
7553,0
12167,0
20318,0
5169,0
1808,0
8123,0
5246,0
10485,0
19607,0
14782,0
7108,0
13115,0
20730,0
8883,0
10262,0
1711,0
12132,0
876,0
6441,0
20198,0
15840,0
10295,0
21214,0
15123,0
5562,0
11196,0
5353,0
7218,0
7998,0
10947,0
3947,0
5006,0
4227,0
21408,0
16580,0
6799,0
1982,0
6979,0
3459,0
18953,0
347,0
17378,0
17441,0
11091,0
14581,0
4098,0
5164,0
5930,0
9620,0
21049,0
7048,0
8019,0
3669,0
17761,0
15047,0
15337,0
21277,0
17700,0
18805,0
20322,0
745,0
16682,0
3740,0
9283,0
10202,0
7302,0
20517,0
650,0
439,0
19757,0
14706,0
7795,0
17706,0
15899,0
10195,0
7887,0
12986,0
10389,0
9017,0
10131,0
8645,0
12561,0
8035,0
12526,0
10964,0
19215,0
1451,0
16630,0
1476,0
21018,0
18616,0
10819,0
1216,0
10085,0
20364,0
15972,0
19639,0
9812,0
7030,0
11507,0
16688,0
18034,0
3074,0
19551,0
7334,0
21548,0
11812,0
6419,0
11703,0
19638,0
5501,0
10676,0
13496,0
9043,0
14332,0
6272,0
19866,0
15190,0
2141,0
10306,0
8234,0
10467,0
1098,0
8820,0
9869,0
7787,0
1289,0
10393,0
18665,0
3704,0
7782,0
10338,0
10342,0
1511,0
7336,0
19506,0
19401,0
4160,0
17725,0
8404,0
10150,0
9359,0
18968,0
15192,0
8933,0
10789,0
539,0
5571,0
2351,0
17855,0
12354,0
18470,0
7932,0
11729,0
1444,0
20447,0
10797,0
21547,0
15009,0
1581,0
16739,0
18438,0
5611,0
5389,0
21023,0
4337,0
16161,0
14443,0
12397,0
16222,0
4439,0
8589,0
6216,0
8643,0
19821,0
15118,0
7773,0
291,0
4193,0
16293,0
13080,0
19406,0
2333,0
4795,0
19384,0
4654,0
5551,0
7160,0
13594,0
15766,0
18916,0
19397,0
12288,0
2362,0
6062,0
2086,0
12297,0
21833,0
12461,0
2223,0
4220,0
2894,0
20934,0
18029,0
6726,0
16361,0
17611,0
14649,0
18576,0
8442,0
20991,0
13632,0
5763,0
14463,0
13571,0
10012,0
10053,0
14773,0
6180,0
15803,0
15419,0
2782,0
12147,0
9039,0
8080,0
10610,0
6742,0
6393,0
19829,0
4829,0
9900,0
9998,0
7154,0
13577,0
3571,0
434,0
15076,0
4703,0
4032,0
15876,0
7294,0
9729,0
8305,0
21226,0
20495,0
18752,0
1536,0
15559,0
20270,0
20814,0
12370,0
1273,0
4418,0
11712,0
10591,0
10372,0
4825,0
20680,0
12258,0
8356,0
7528,0
3493,0
17294,0
17395,0
18373,0
2618,0
3523,0
18040,0
18241,0
11922,0
5842,0
10595,0
9533,0
17884,0
8853,0
4573,0
14280,0
15166,0
17100,0
12634,0
6420,0
4405,0
2005,0
10885,0
19322,0
17735,0
6654,0
1944,0
11772,0
21518,0
13081,0
17005,0
21787,0
18728,0
8498,0
10508,0
18688,0
17345,0
3208,0
9810,0
5549,0
15679,0
7360,0
4986,0
19428,0
15764,0
3257,0
1863,0
9560,0
19543,0
327,0
3287,0
18517,0
7950,0
17832,0
2458,0
13044,0
9845,0
13529,0
3927,0
14564,0
5171,0
17715,0
17409,0
7918,0
5136,0
11000,0
2499,0
18739,0
14327,0
11943,0
5827,0
9862,0
21803,0
19869,0
13530,0
12336,0
4610,0
17997,0
352,0
3495,0
3920,0
11079,0
20505,0
11307,0
777,0
3715,0
7662,0
18771,0
13602,0
16893,0
2468,0
2865,0
5465,0
1528,0
1167,0
13502,0
21597,0
8292,0
21231,0
3114,0
19392,0
14472,0
120,0
14041,0
21831,0
15964,0
1663,0
3729,0
12627,0
6224,0
17366,0
9364,0
7677,0
11431,0
17562,0
13560,0
19120,0
721,0
55,0
3462,0
17050,0
7338,0
20972,0
9427,0
20248,0
2387,0
6937,0
9572,0
675,0
17688,0
479,0
18488,0
18523,0
16028,0
9431,0
15413,0
517,0
11853,0
18376,0
18427,0
12270,0
2886,0
16777,0
3593,0
14501,0
11400,0
8523,0
9858,0
6246,0
2190,0
17622,0
20275,0
2852,0
9193,0
15910,0
994,0
17212,0
3172,0
2389,0
17286,0
8240,0
2993,0
8509,0
18256,0
13875,0
4485,0
18636,0
195,0
11420,0
4073,0
7696,0
10836,0
14299,0
2253,0
9666,0
6416,0
13886,0
3746,0
15082,0
15941,0
19174,0
10444,0
16838,0
2459,0
11721,0
6910,0
13214,0
5858,0
13361,0
312,0
6129,0
13084,0
12651,0
8487,0
12931,0
4619,0
10019,0
11223,0
14285,0
1372,0
3586,0
6290,0
10222,0
21310,0
19275,0
17011,0
17459,0
19507,0
12057,0
9623,0
16017,0
17117,0
3456,0
15742,0
18140,0
15666,0
13196,0
10902,0
14014,0
18453,0
8201,0
4270,0
2931,0
21835,0
20368,0
13425,0
3354,0
2860,0
8092,0
15414,0
827,0
961,0
12415,0
12106,0
14629,0
10865,0
4059,0
7041,0
13377,0
15885,0
16699,0
19417,0
201,0
6382,0
10478,0
18081,0
16208,0
5628,0
15703,0
3275,0
21095,0
18892,0
7460,0
3394,0
3913,0
6000,0
6649,0
5750,0
12948,0
21513,0
12351,0
13252,0
17198,0
3861,0
1641,0
2749,0
14571,0
10043,0
899,0
5202,0
11817,0
2951,0
17904,0
5023,0
14715,0
3471,0
10156,0
14798,0
13689,0
21362,0
16388,0
16872,0
20961,0
12378,0
18518,0
21094,0
19711,0
14150,0
16322,0
9007,0
21496,0
6346,0
4557,0
8730,0
10441,0
15256,0
21477,0
7764,0
9438,0
20314,0
219,0
19089,0
3508,0
14205,0
12590,0
21474,0
5046,0
14470,0
7734,0
2699,0
18454,0
829,0
12413,0
8808,0
20168,0
17481,0
2054,0
16039,0
6904,0
21111,0
15060,0
3954,0
19135,0
19698,0
17320,0
1600,0
7949,0
6149,0
10091,0
1912,0
18751,0
11245,0
18503,0
2555,0
17386,0
19740,0
21131,0
15773,0
7485,0
15645,0
7232,0
18218,0
16553,0
6626,0
8204,0
17519,0
3342,0
11585,0
1963,0
8916,0
11119,0
11020,0
697,0
5926,0
521,0
7812,0
5474,0
11120,0
11434,0
10782,0
1394,0
11154,0
963,0
3209,0
18402,0
21733,0
19583,0
5728,0
13889,0
4029,0
328,0
2172,0
665,0
9085,0
10791,0
17467,0
11659,0
20144,0
16907,0
14000,0
11779,0
3469,0
2947,0
15493,0
12811,0
17446,0
3397,0
20499,0
18222,0
17714,0
18041,0
10002,0
3579,0
16762,0
9686,0
10680,0
2042,0
7517,0
10645,0
11599,0
20167,0
11805,0
16560,0
14364,0
8747,0
19855,0
5457,0
19390,0
17434,0
102,0
21386,0
18161,0
1535,0
4739,0
19225,0
18579,0
3705,0
18268,0
8479,0
2236,0
8761,0
3636,0
6408,0
14486,0
2741,0
5048,0
2335,0
9681,0
3112,0
2513,0
18414,0
4985,0
2885,0
2142,0
21627,0
17480,0
14504,0
17530,0
411,0
11300,0
13726,0
8286,0
11636,0
11789,0
13553,0
17174,0
20013,0
15620,0
17350,0
16040,0
17905,0
20003,0
3107,0
13156,0
13341,0
8467,0
2316,0
17847,0
12372,0
4451,0
1730,0
18855,0
314,0
16362,0
2091,0
2938,0
12011,0
19117,0
16885,0
1789,0
14683,0
252,0
17685,0
18841,0
5226,0
16467,0
7912,0
18174,0
6308,0
5195,0
11068,0
14064,0
10456,0
16519,0
18123,0
16131,0
14059,0
17947,0
21434,0
10622,0
7269,0
739,0
7604,0
2711,0
3384,0
3317,0
6429,0
21526,0
3610,0
17939,0
1007,0
20650,0
11687,0
7248,0
4772,0
20637,0
7718,0
21045,0
2688,0
13729,0
13386,0
19168,0
16232,0
9296,0
8661,0
15673,0
128,0
1356,0
6849,0
15551,0
14051,0
18348,0
2394,0
19203,0
11188,0
2989,0
7008,0
7305,0
21861,0
11397,0
14113,0
17953,0
60,0
5636,0
14302,0
9699,0
21051,0
14264,0
1164,0
14907,0
8505,0
5934,0
20554,0
12216,0
20471,0
11316,0
15296,0
3283,0
6092,0
19261,0
3830,0
20643,0
2248,0
13628,0
16506,0
21425,0
3888,0
3480,0
15591,0
7560,0
20690,0
13824,0
20630,0
21799,0
12885,0
7027,0
644,0
4376,0
13897,0
7841,0
16448,0
15151,0
16597,0
3003,0
17711,0
6236,0
16883,0
4107,0
5130,0
5294,0
7783,0
12126,0
20530,0
21163,0
18408,0
12308,0
9235,0
10701,0
5981,0
4323,0
1607,0
5737,0
7221,0
8539,0
3900,0
4630,0
8558,0
5765,0
17391,0
2268,0
21036,0
11244,0
460,0
5684,0
4606,0
17332,0
12320,0
15077,0
2343,0
3534,0
1523,0
6423,0
5997,0
19234,0
13001,0
3376,0
10724,0
10991,0
6921,0
3845,0
7519,0
9902,0
4008,0
7487,0
7790,0
15346,0
7722,0
10770,0
5032,0
17447,0
15066,0
8226,0
17987,0
5333,0
21433,0
4922,0
13671,0
181,0
20006,0
14294,0
20993,0
4895,0
14215,0
1347,0
17208,0
4611,0
10907,0
3590,0
5406,0
13339,0
13356,0
6886,0
16975,0
13849,0
3695,0
14525,0
656,0
9846,0
6454,0
11073,0
410,0
14387,0
18724,0
17968,0
4822,0
10908,0
20083,0
15684,0
21166,0
8207,0
10990,0
5100,0
12136,0
21571,0
14002,0
15026,0
11742,0
15806,0
2831,0
16250,0
18607,0
9041,0
7291,0
10334,0
13906,0
4978,0
9627,0
17179,0
15086,0
4187,0
20255,0
19447,0
3264,0
9631,0
17304,0
4640,0
19222,0
9580,0
5360,0
13322,0
9925,0
7278,0
9947,0
5020,0
6562,0
2347,0
696,0
19147,0
5853,0
12617,0
1021,0
20570,0
13368,0
11669,0
12304,0
21197,0
2636,0
9419,0
19244,0
20981,0
21539,0
8456,0
21776,0
13836,0
14827,0
8693,0
21070,0
11302,0
17278,0
9385,0
20651,0
5949,0
9339,0
1085,0
11966,0
18965,0
10035,0
16162,0
1625,0
19025,0
12732,0
19763,0
8754,0
791,0
12913,0
500,0
21797,0
12491,0
21451,0
16271,0
2076,0
2137,0
6367,0
14222,0
9660,0
16374,0
3624,0
2684,0
14069,0
5602,0
3303,0
12879,0
16311,0
4412,0
11800,0
9103,0
21026,0
6021,0
2004,0
5283,0
2728,0
15783,0
9531,0
4564,0
20103,0
13358,0
9761,0
18164,0
20813,0
10367,0
6109,0
1704,0
9576,0
7776,0
9943,0
18954,0
13407,0
4844,0
15469,0
1203,0
9073,0
32,0
698,0
3560,0
10318,0
632,0
6418,0
11616,0
6683,0
13038,0
11833,0
5419,0
636,0
4425,0
15622,0
10822,0
6544,0
12052,0
14802,0
20285,0
17691,0
3019,0
5941,0
16661,0
14896,0
14412,0
7890,0
20354,0
15799,0
4192,0
6052,0
7459,0
5450,0
3979,0
12697,0
6233,0
11171,0
20550,0
19676,0
3116,0
11370,0
16127,0
3227,0
12003,0
12825,0
6625,0
3063,0
7555,0
18198,0
13960,0
7354,0
116,0
929,0
12466,0
15794,0
19596,0
15069,0
10804,0
21857,0
6146,0
17189,0
6053,0
3483,0
16287,0
16461,0
19017,0
20063,0
7327,0
10597,0
1693,0
21028,0
11118,0
2421,0
10910,0
20301,0
8471,0
8787,0
1555,0
4933,0
6133,0
10400,0
18082,0
8978,0
10916,0
4266,0
8483,0
18356,0
8247,0
20945,0
1338,0
1605,0
2113,0
9559,0
9740,0
18252,0
8966,0
10250,0
1434,0
2215,0
11771,0
7946,0
18478,0
12274,0
18052,0
19178,0
19141,0
6970,0
3255,0
18101,0
20221,0
5460,0
19166,0
2753,0
19357,0
14711,0
2752,0
8009,0
6893,0
7583,0
18706,0
13292,0
20799,0
19724,0
6211,0
18330,0
4014,0
20071,0
1148,0
16349,0
9986,0
19122,0
3779,0
18008,0
2027,0
19988,0
10742,0
4171,0
5663,0
20825,0
6063,0
5255,0
240,0
6675,0
18229,0
14143,0
13825,0
3126,0
3949,0
14749,0
4060,0
12182,0
19938,0
716,0
16763,0
4462,0
17200,0
9502,0
18754,0
15944,0
13827,0
1351,0
6127,0
8043,0
11837,0
4646,0
9239,0
11986,0
4389,0
20935,0
16837,0
9069,0
14899,0
19888,0
19865,0
10835,0
8127,0
4204,0
10996,0
9479,0
18138,0
10267,0
18423,0
10312,0
2278,0
20502,0
6226,0
18137,0
1731,0
13321,0
7295,0
13562,0
9192,0
14770,0
18560,0
14768,0
14763,0
12549,0
18757,0
6922,0
3634,0
19789,0
2406,0
19267,0
8362,0
17524,0
12462,0
14306,0
3474,0
10778,0
5888,0
18026,0
12929,0
11675,0
8811,0
1531,0
13210,0
14413,0
7657,0
9186,0
17627,0
17957,0
18070,0
9393,0
13116,0
18566,0
9211,0
4910,0
5755,0
12485,0
11925,0
12548,0
11518,0
4878,0
17097,0
1713,0
9060,0
6548,0
4334,0
10572,0
18634,0
13448,0
4771,0
7501,0
3822,0
10050,0
3044,0
8583,0
16529,0
13083,0
2009,0
12622,0
18872,0
20040,0
20951,0
11132,0
13433,0
16840,0
6281,0
8697,0
21719,0
15025,0
8014,0
19418,0
6232,0
16321,0
18111,0
16441,0
14402,0
15244,0
5307,0
6760,0
3895,0
4310,0
12910,0
13085,0
11016,0
15891,0
6333,0
6479,0
11843,0
6741,0
18962,0
19610,0
9513,0
15294,0
21142,0
3930,0
21738,0
4297,0
19440,0
21736,0
6400,0
14166,0
1062,0
15912,0
16562,0
7919,0
19342,0
4085,0
12640,0
11622,0
14409,0
15966,0
20213,0
5305,0
17976,0
10075,0
89,0
12529,0
21730,0
11296,0
19886,0
3296,0
3234,0
5484,0
17199,0
20631,0
17777,0
17273,0
18797,0
15863,0
14637,0
15460,0
16989,0
17800,0
1206,0
13698,0
7811,0
14691,0
17549,0
6317,0
20076,0
8376,0
15995,0
1367,0
13994,0
5785,0
17033,0
2306,0
12222,0
15395,0
21662,0
5812,0
12161,0
368,0
19488,0
19280,0
18259,0
8175,0
2560,0
13463,0
4339,0
12080,0
5929,0
14928,0
17754,0
15868,0
21264,0
8328,0
18282,0
577,0
8724,0
8859,0
19092,0
16646,0
9939,0
17648,0
9424,0
10328,0
2735,0
12148,0
16431,0
2178,0
11807,0
12974,0
2843,0
11921,0
18266,0
16751,0
12598,0
19229,0
9057,0
2546,0
13275,0
10134,0
17440,0
467,0
21284,0
10109,0
818,0
14919,0
5422,0
10952,0
10139,0
16581,0
3663,0
3109,0
9173,0
14873,0
14619,0
6920,0
8744,0
2880,0
1633,0
21311,0
4016,0
879,0
15481,0
18055,0
17268,0
12311,0
8526,0
12646,0
9254,0
8879,0
73,0
1403,0
17250,0
6071,0
4025,0
3351,0
3129,0
8378,0
16075,0
11124,0
21504,0
15259,0
21064,0
10912,0
8383,0
20500,0
4848,0
18242,0
12170,0
19383,0
17046,0
13135,0
7627,0
4111,0
6661,0
6875,0
11887,0
16887,0
11229,0
8546,0
10000,0
5911,0
10481,0
12712,0
12775,0
16619,0
20487,0
21855,0
14251,0
11215,0
19013,0
2726,0
20124,0
19149,0
19076,0
13864,0
15265,0
7268,0
4885,0
11032,0
6880,0
21059,0
12189,0
10302,0
14462,0
19436,0
16193,0
13905,0
16676,0
14094,0
8942,0
6664,0
15183,0
8937,0
2755,0
18737,0
11920,0
5141,0
17036,0
17125,0
5072,0
1283,0
19710,0
7894,0
21343,0
19524,0
13727,0
5506,0
1107,0
1159,0
10671,0
21722,0
17970,0
20846,0
10433,0
19752,0
16419,0
11498,0
7726,0
10360,0
9133,0
8486,0
11273,0
14160,0
18182,0
20772,0
15013,0
20638,0
21589,0
3143,0
964,0
1471,0
9318,0
4561,0
15140,0
4725,0
3028,0
10354,0
9398,0
18254,0
1732,0
3335,0
7176,0
14333,0
8064,0
21487,0
11953,0
2713,0
21777,0
17150,0
16198,0
11641,0
7478,0
8248,0
16032,0
18676,0
18946,0
4033,0
11340,0
16706,0
11125,0
11598,0
20372,0
12932,0
4179,0
1259,0
12386,0
12292,0
9827,0
9993,0
18039,0
8659,0
274,0
3051,0
16747,0
16546,0
7498,0
18502,0
8963,0
13524,0
7673,0
14559,0
12635,0
3807,0
11849,0
16487,0
15845,0
14241,0
20387,0
14456,0
9735,0
19196,0
17241,0
18364,0
19890,0
21038,0
9893,0
13260,0
6003,0
4992,0
6434,0
13353,0
16650,0
10167,0
20721,0
6179,0
16728,0
20336,0
10753,0
20142,0
10164,0
10605,0
8049,0
14943,0
5886,0
18595,0
15149,0
10649,0
9287,0
7659,0
10979,0
21596,0
2609,0
15704,0
2807,0
14967,0
4253,0
2238,0
20451,0
18028,0
3690,0
11612,0
20694,0
258,0
9053,0
15726,0
10808,0
13532,0
21393,0
7537,0
18088,0
6370,0
3198,0
9978,0
14526,0
914,0
21413,0
19737,0
16291,0
18128,0
1744,0
13317,0
18419,0
21754,0
4668,0
7388,0
13695,0
10970,0
10264,0
17406,0
2313,0
12919,0
4473,0
16319,0
19336,0
17411,0
10855,0
8249,0
15531,0
21602,0
20328,0
11238,0
18005,0
13338,0
4150,0
10844,0
7145,0
20983,0
8679,0
1645,0
8740,0
15305,0
17093,0
17801,0
104,0
3316,0
7650,0
12944,0
13839,0
14228,0
7723,0
8212,0
18796,0
15616,0
14771,0
17099,0
14446,0
14175,0
7396,0
18798,0
16211,0
13539,0
8038,0
2849,0
12077,0
12655,0
13620,0
21445,0
19948,0
19262,0
10891,0
7810,0
14489,0
5306,0
5447,0
14887,0
4464,0
3734,0
13925,0
58,0
8970,0
2944,0
17196,0
19775,0
16412,0
3526,0
10654,0
3520,0
13208,0
15604,0
11656,0
13163,0
4820,0
13395,0
17964,0
15357,0
6873,0
12576,0
2302,0
21623,0
2999,0
14393,0
7202,0
18262,0
21483,0
380,0
3434,0
3572,0
10981,0
14003,0
4732,0
20587,0
9654,0
15760,0
4521,0
928,0
8524,0
9061,0
8951,0
5847,0
14884,0
14962,0
14767,0
17677,0
400,0
18732,0
18225,0
10501,0
13579,0
19924,0
2504,0
11942,0
17731,0
14654,0
21297,0
8384,0
10538,0
19054,0
16328,0
8146,0
18660,0
12061,0
4450,0
4875,0
17720,0
12706,0
2498,0
6435,0
15220,0
13964,0
18535,0
5834,0
21489,0
6941,0
18888,0
7681,0
2617,0
468,0
20052,0
11177,0
5413,0
4741,0
3426,0
9321,0
10821,0
18102,0
5049,0
19023,0
18692,0
19477,0
9840,0
12921,0
14625,0
21779,0
8060,0
14657,0
4592,0
13682,0
10073,0
8426,0
18471,0
5688,0
9481,0
16316,0
7878,0
13650,0
19561,0
8230,0
10364,0
11192,0
7559,0
4,0
11081,0
16600,0
2029,0
2183,0
17885,0
4904,0
12957,0
12309,0
1733,0
8733,0
13923,0
4731,0
2393,0
15768,0
9940,0
6070,0
17181,0
18509,0
18730,0
9399,0
21209,0
15495,0
12286,0
10734,0
6410,0
16541,0
13603,0
43,0
15400,0
10242,0
18781,0
13345,0
796,0
6073,0
397,0
15557,0
5743,0
2214,0
17177,0
21467,0
20773,0
3506,0
5576,0
10399,0
19987,0
15053,0
16357,0
4510,0
3618,0
408,0
3266,0
47,0
21697,0
17330,0
13784,0
15142,0
14230,0
15016,0
14886,0
5372,0
5702,0
20595,0
13155,0
11450,0
19027,0
10549,0
11514,0
10415,0
5999,0
10578,0
9137,0
16484,0
9876,0
12368,0
17228,0
14658,0
3353,0
2486,0
6660,0
18050,0
11509,0
20729,0
16687,0
21823,0
13174,0
18482,0
2484,0
6509,0
17994,0
15174,0
14775,0
20686,0
4697,0
18956,0
13915,0
4280,0
15235,0
2320,0
19599,0
8930,0
16817,0
585,0
4401,0
4476,0
12407,0
2623,0
11401,0
15042,0
2603,0
10088,0
4488,0
709,0
820,0
2703,0
3795,0
4565,0
1823,0
21295,0
10403,0
4490,0
10713,0
14359,0
1723,0
18116,0
10498,0
4983,0
13243,0
15336,0
11288,0
21332,0
16197,0
5351,0
21221,0
4326,0
16084,0
13782,0
7179,0
645,0
21842,0
20143,0
16856,0
12363,0
14841,0
8268,0
18635,0
10670,0
16606,0
16058,0
7871,0
15264,0
13028,0
9215,0
2606,0
2134,0
19500,0
19327,0
15844,0
1870,0
21342,0
5526,0
11207,0
15598,0
6194,0
18258,0
9478,0
14674,0
6245,0
1431,0
21527,0
21275,0
11278,0
13605,0
2506,0
20335,0
18030,0
20070,0
4394,0
12245,0
16398,0
6804,0
14169,0
13902,0
17329,0
2327,0
9237,0
13247,0
6872,0
21326,0
7915,0
11413,0
18529,0
20635,0
1200,0
14726,0
458,0
18866,0
9673,0
13347,0
19181,0
15867,0
3473,0
13740,0
19533,0
4470,0
5245,0
13890,0
10348,0
11467,0
3324,0
21745,0
6917,0
19241,0
14273,0
13229,0
19970,0
2118,0
20994,0
669,0
1163,0
19783,0
9190,0
11745,0
20268,0
21677,0
8261,0
18850,0
13244,0
1220,0
432,0
16341,0
21619,0
4780,0
10756,0
19848,0
5043,0
16184,0
11900,0
21128,0
4200,0
3942,0
12707,0
14315,0
2695,0
14707,0
8256,0
12508,0
5554,0
9599,0
20260,0
7797,0
13967,0
11026,0
10211,0
316,0
15320,0
11880,0
10105,0
19351,0
1420,0
7276,0
19286,0
9635,0
5717,0
9571,0
4011,0
6594,0
11159,0
5199,0
10300,0
10796,0
11816,0
5218,0
19588,0
8469,0
287,0
17096,0
6098,0
6865,0
7672,0
4086,0
11279,0
6485,0
294,0
21887,0
16244,0
12878,0
6648,0
13715,0
3078,0
3190,0
7325,0
16188,0
16915,0
21707,0
12388,0
4411,0
908,0
5200,0
13271,0
7683,0
16904,0
17061,0
1995,0
16359,0
1705,0
8407,0
5060,0
10625,0
14498,0
978,0
9688,0
1874,0
13710,0
16351,0
622,0
18206,0
20100,0
7094,0
21077,0
5972,0
7669,0
1154,0
8782,0
5938,0
20876,0
10565,0
12793,0
6718,0
2704,0
587,0
11634,0
12587,0
10983,0
14558,0
10762,0
12275,0
18597,0
13823,0
8475,0
3617,0
7133,0
7474,0
21412,0
20932,0
11328,0
17701,0
11042,0
6282,0
11618,0
10288,0
853,0
10677,0
13806,0
2936,0
6309,0
18873,0
5395,0
1340,0
11045,0
16051,0
3994,0
6484,0
5946,0
16265,0
737,0
8125,0
8215,0
5664,0
11355,0
16658,0
451,0
20753,0
2067,0
12897,0
5944,0
1072,0
4916,0
20975,0
4548,0
4049,0
6162,0
12898,0
4689,0
14450,0
20434,0
5749,0
1145,0
6686,0
4102,0
3703,0
1238,0
20489,0
16472,0
21572,0
4956,0
9327,0
16769,0
9963,0
5515,0
42,0
11785,0
11407,0
12814,0
15809,0
12387,0
3959,0
6492,0
2579,0
11582,0
9882,0
3475,0
2035,0
1124,0
9807,0
10425,0
5864,0
13652,0
16119,0
4058,0
18261,0
6188,0
9214,0
20561,0
1348,0
21484,0
2586,0
17645,0
4414,0
4642,0
3785,0
4195,0
7586,0
10545,0
1941,0
6782,0
91,0
6900,0
36,0
15727,0
10827,0
21098,0
17032,0
21265,0
14149,0
6385,0
7122,0
20233,0
8095,0
18273,0
706,0
2208,0
6356,0
13940,0
11918,0
8293,0
14321,0
10792,0
5710,0
2959,0
13595,0
5358,0
13910,0
7450,0
3249,0
9535,0
4075,0
9493,0
9246,0
5002,0
7204,0
6134,0
5679,0
8365,0
14778,0
7418,0
2003,0
12105,0
11808,0
4050,0
13843,0
9415,0
10460,0
20928,0
11093,0
4540,0
6833,0
10884,0
18907,0
10257,0
6827,0
7740,0
15855,0
5313,0
18673,0
18567,0
7933,0
11903,0
14410,0
5184,0
19953,0
15706,0
12961,0
20191,0
17147,0
17991,0
1867,0
2222,0
12039,0
18289,0
6978,0
14557,0
260,0
17874,0
652,0
11510,0
21622,0
6307,0
17445,0
12995,0
17418,0
3406,0
13316,0
18986,0
837,0
9749,0
21769,0
16239,0
5788,0
11523,0
20395,0
20392,0
17178,0
18,0
8841,0
12533,0
18698,0
5953,0
15963,0
10385,0
21352,0
7792,0
6326,0
9403,0
16491,0
3482,0
21808,0
17591,0
21751,0
14379,0
11840,0
5503,0
648,0
10936,0
7135,0
15446,0
20115,0
3355,0
4979,0
1322,0
14417,0
14616,0
21144,0
16071,0
15615,0
3486,0
1906,0
17444,0
12373,0
10135,0
16309,0
17755,0
7303,0
7047,0
19919,0
10455,0
17301,0
16130,0
1430,0
3722,0
11984,0
12521,0
4144,0
218,0
5181,0
13592,0
21368,0
16771,0
1397,0
8814,0
4679,0
16256,0
16486,0
16325,0
16799,0
1740,0
6286,0
9516,0
3753,0
19623,0
17983,0
8104,0
4520,0
17417,0
4915,0
10298,0
7801,0
20544,0
10023,0
11586,0
16517,0
1188,0
2798,0
6952,0
19112,0
892,0
17977,0
14842,0
1324,0
7909,0
21055,0
10503,0
1839,0
20286,0
6040,0
21800,0
4203,0
4852,0
5355,0
388,0
18525,0
17680,0
6144,0
1359,0
1036,0
9195,0
6378,0
5674,0
4680,0
19437,0
2449,0
842,0
14103,0
13166,0
18975,0
20482,0
3212,0
5287,0
5024,0
6934,0
13511,0
14407,0
14883,0
15646,0
16436,0
10926,0
6468,0
7440,0
8774,0
11146,0
19246,0
141,0
7780,0
11166,0
7199,0
17274,0
14833,0
8919,0
11563,0
2066,0
10612,0
2112,0
3377,0
1445,0
20203,0
1373,0
4975,0
2754,0
279,0
12510,0
16942,0
12568,0
3336,0
9626,0
13720,0
361,0
17898,0
514,0
17079,0
11277,0
8710,0
8575,0
18906,0
14774,0
3048,0
7428,0
2790,0
15356,0
3837,0
1048,0
2381,0
19885,0
4116,0
19350,0
20722,0
8238,0
18948,0
5816,0
17039,0
14892,0
19700,0
7285,0
5599,0
9562,0
5091,0
18911,0
16274,0
17808,0
9071,0
9501,0
5478,0
6955,0
14416,0
7307,0
6713,0
14914,0
18388,0
8961,0
7531,0
2404,0
16507,0
17218,0
13637,0
8676,0
7749,0
16100,0
13507,0
1384,0
21508,0
13974,0
15083,0
3849,0
10613,0
19210,0
21536,0
12051,0
3170,0
5253,0
12833,0
1706,0
2857,0
12440,0
3980,0
10570,0
10878,0
10057,0
477,0
4905,0
3777,0
8289,0
9779,0
14804,0
10925,0
4511,0
15977,0
7505,0
6464,0
8359,0
6425,0
17879,0
15594,0
19029,0
20259,0
10463,0
3494,0
6591,0
6101,0
19056,0
16089,0
3069,0
2778,0
14384,0
971,0
21136,0
554,0
7290,0
11185,0
2928,0
4292,0
18735,0
13713,0
18017,0
11366,0
18695,0
16732,0
19177,0
20827,0
12435,0
9401,0
3975,0
3157,0
18749,0
5590,0
3712,0
12345,0
11551,0
10535,0
21819,0
13641,0
3243,0
19491,0
17012,0
734,0
16890,0
10218,0
20579,0
4167,0
11267,0
10807,0
20639,0
4529,0
15135,0
21668,0
1336,0
9759,0
2873,0
9203,0
13078,0
1066,0
16884,0
8850,0
5113,0
10153,0
19553,0
1992,0
19743,0
2537,0
4580,0
19572,0
9145,0
20137,0
16758,0
9280,0
16189,0
8974,0
5454,0
1442,0
7842,0
12778,0
12031,0
7766,0
15372,0
2445,0
19691,0
5166,0
10496,0
9587,0
15072,0
6235,0
16854,0
20556,0
346,0
4344,0
11519,0
16888,0
8886,0
1958,0
6271,0
16980,0
16742,0
15677,0
13114,0
10853,0
21767,0
9505,0
21203,0
15011,0
922,0
1087,0
5019,0
13899,0
3529,0
3616,0
16984,0
3026,0
8827,0
3422,0
12484,0
13988,0
2700,0
8058,0
11819,0
14356,0
1363,0
20503,0
4154,0
5996,0
12755,0
3012,0
2233,0
14484,0
4635,0
10816,0
18568,0
10422,0
8511,0
14812,0
17373,0
10260,0
6203,0
5548,0
7899,0
20296,0
13572,0
6493,0
14527,0
15719,0
16443,0
2130,0
2415,0
2795,0
8797,0
5227,0
2376,0
14976,0
19498,0
19053,0
2907,0
6358,0
593,0
15570,0
11660,0
2685,0
12618,0
231,0
14353,0
7753,0
3966,0
11893,0
19494,0
6217,0
18710,0
12699,0
21468,0
3416,0
17542,0
7536,0
170,0
14622,0
13303,0
15810,0
8319,0
6483,0
8461,0
20903,0
9094,0
2456,0
6007,0
5051,0
138,0
18245,0
6889,0
5550,0
16284,0
16558,0
1030,0
20746,0
9676,0
12070,0
6620,0
13004,0
4833,0
4601,0
1398,0
6024,0
3911,0
20179,0
6349,0
21670,0
15438,0
8353,0
11680,0
5175,0
21856,0
20218,0
8945,0
2496,0
11863,0
747,0
20454,0
10081,0
2702,0
13611,0
18056,0
3670,0
5803,0
4442,0
12158,0
4843,0
17814,0
9518,0
8162,0
10255,0
6608,0
6818,0
19155,0
20491,0
11308,0
15222,0
15627,0
1677,0
715,0
2679,0
7222,0
14981,0
16659,0
6927,0
20738,0
3439,0
6613,0
18532,0
11810,0
9751,0
1587,0
7,0
2744,0
20803,0
13236,0
10959,0
6836,0
19445,0
16822,0
11022,0
13048,0
20743,0
20442,0
6651,0
12429,0
16936,0
1024,0
6975,0
17432,0
9821,0
19131,0
8869,0
5594,0
11678,0
4291,0
18295,0
4547,0
14019,0
8893,0
7224,0
10192,0
15334,0
10664,0
19483,0
13541,0
3144,0
21824,0
19387,0
17089,0
6690,0
17257,0
13153,0
8623,0
15725,0
8490,0
559,0
7917,0
13550,0
12038,0
5655,0
7589,0
3683,0
4448,0
9512,0
5514,0
11913,0
8800,0
13509,0
10386,0
5744,0
9567,0
17726,0
9467,0
7585,0
9163,0
12748,0
9898,0
3509,0
17437,0
19009,0
12023,0
21219,0
14984,0
15602,0
18548,0
7593,0
11488,0
14576,0
4463,0
18446,0
14844,0
14888,0
21746,0
6012,0
9586,0
19377,0
8609,0
1278,0
13015,0
6361,0
1671,0
6730,0
13138,0
362,0
16801,0
7318,0
13848,0
8802,0
10329,0
5378,0
10985,0
3025,0
13749,0
4686,0
8433,0
5863,0
1158,0
19000,0
10858,0
7829,0
461,0
9048,0
20445,0
5365,0
11552,0
16555,0
14820,0
14723,0
15919,0
4348,0
11626,0
488,0
6242,0
6809,0
6897,0
14605,0
9346,0
19734,0
901,0
2280,0
4352,0
6604,0
3904,0
4541,0
9852,0
7514,0
15787,0
12869,0
21224,0
11141,0
6848,0
1648,0
12322,0
20092,0
13462,0
129,0
2933,0
12842,0
7050,0
14846,0
2670,0
4506,0
9842,0
11611,0
15470,0
15308,0
18582,0
18937,0
6736,0
5129,0
12702,0
6915,0
10526,0
2627,0
5917,0
19986,0
13464,0
14318,0
17352,0
19081,0
19682,0
6673,0
6779,0
7078,0
6776,0
3188,0
9202,0
19587,0
2185,0
11989,0
15713,0
4074,0
19544,0
21217,0
8374,0
4129,0
6076,0
2046,0
17014,0
20131,0
20331,0
21328,0
18705,0
20262,0
6813,0
1275,0
5872,0
14106,0
17336,0
11710,0
4903,0
11260,0
14207,0
13215,0
7496,0
19150,0
5208,0
2784,0
17764,0
13445,0
20182,0
5352,0
17531,0
8890,0
12799,0
21782,0
9227,0
19456,0
19557,0
4575,0
4740,0
17354,0
2737,0
9772,0
13989,0
4231,0
20533,0
11873,0
9413,0
17052,0
10672,0
5077,0
5715,0
1580,0
2969,0
8605,0
7817,0
486,0
18533,0
968,0
19696,0
7616,0
1948,0
11795,0
2226,0
8443,0
15267,0
15010,0
16881,0
9125,0
11468,0
15514,0
21103,0
3205,0
2550,0
7469,0
3887,0
21555,0
20742,0
4936,0
21600,0
7467,0
11202,0
12673,0
7362,0
19611,0
19138,0
13590,0
602,0
19158,0
2168,0
16971,0
19503,0
20366,0
14214,0
21768,0
6085,0
2625,0
6439,0
17280,0
742,0
412,0
10573,0
10273,0
12728,0
15830,0
10440,0
5099,0
5183,0
17323,0
2761,0
14494,0
7518,0
5228,0
4194,0
11103,0
16639,0
3106,0
4308,0
9813,0
15225,0
8242,0
4768,0
9694,0
11291,0
4169,0
21710,0
18410,0
2079,0
6843,0
3883,0
9470,0
14491,0
21586,0
18126,0
10657,0
2523,0
19944,0
14203,0
17835,0
17182,0
6535,0
18693,0
16951,0
19554,0
12668,0
13567,0
19771,0
15040,0
6474,0
2155,0
16268,0
6353,0
21323,0
6632,0
2299,0
3169,0
11429,0
19334,0
13958,0
9464,0
10038,0
897,0
13454,0
18246,0
16821,0
708,0
21285,0
13263,0
6758,0
18917,0
8337,0
14906,0
206,0
12431,0
11728,0
19253,0
15074,0
1792,0
18770,0
2678,0
3539,0
18076,0
5349,0
5924,0
6678,0
1006,0
17831,0
16149,0
15145,0
2772,0
19435,0
19372,0
6406,0
5149,0
8221,0
13600,0
13254,0
4357,0
18500,0
11041,0
14957,0
7137,0
10928,0
21684,0
13527,0
11231,0
19861,0
2102,0
13601,0
4198,0
7827,0
9721,0
18832,0
4046,0
9072,0
13133,0
2731,0
12753,0
1665,0
20431,0
1477,0
18522,0
21595,0
9967,0
10076,0
51,0
10815,0
15595,0
17206,0
1687,0
20009,0
19320,0
4399,0
6551,0
725,0
19875,0
2806,0
14971,0
13703,0
19264,0
18277,0
1027,0
7649,0
15836,0
21306,0
21068,0
18733,0
6121,0
15913,0
17506,0
13195,0
124,0
1248,0
821,0
581,0
17390,0
13315,0
14961,0
13399,0
5577,0
8396,0
2949,0
8604,0
4449,0
16290,0
12984,0
21216,0
17600,0
1960,0
15532,0
15249,0
14710,0
17131,0
20140,0
5961,0
2542,0
8427,0
8424,0
11630,0
12725,0
931,0
15858,0
19099,0
13788,0
17927,0
16577,0
20250,0
21578,0
20858,0
8727,0
14898,0
18554,0
17396,0
15421,0
14980,0
1465,0
5338,0
21054,0
5648,0
7999,0
15219,0
19272,0
19545,0
7110,0
18980,0
18890,0
12535,0
12525,0
9758,0
6552,0
4672,0
1838,0
19745,0
6341,0
8106,0
20208,0
50,0
21032,0
20969,0
19376,0
21739,0
8627,0
13665,0
18619,0
21269,0
10715,0
13819,0
13895,0
4681,0
12573,0
9713,0
8040,0
18114,0
19211,0
3699,0
11184,0
3452,0
4721,0
20405,0
1558,0
11572,0
19579,0
20504,0
7614,0
17553,0
10663,0
5505,0
16455,0
8363,0
15441,0
13867,0
20054,0
17027,0
13370,0
8301,0
2158,0
11762,0
19446,0
8333,0
16745,0
16330,0
13239,0
16787,0
2815,0
1698,0
8020,0
13176,0
7569,0
1067,0
11848,0
2440,0
10037,0
13711,0
14047,0
5672,0
15534,0
2783,0
18458,0
3935,0
14739,0
2040,0
2361,0
6150,0
16327,0
21274,0
10471,0
17546,0
14724,0
8855,0
13309,0
10462,0
14382,0
8352,0
6078,0
9129,0
19859,0
3288,0
14519,0
10691,0
8057,0
9410,0
11734,0
13414,0
84,0
14952,0
16303,0
8073,0
10158,0
6088,0
2047,0
9062,0
15632,0
13465,0
20279,0
13099,0
13241,0
17283,0
19402,0
8477,0
18511,0
3060,0
11776,0
21762,0
11861,0
14007,0
3580,0
12444,0
9937,0
16180,0
20698,0
10420,0
3985,0
15055,0
10092,0
13413,0
20294,0
10495,0
6004,0
4472,0
4955,0
16850,0
4070,0
18538,0
18220,0
20237,0
14843,0
3581,0
13477,0
18014,0
13996,0
5187,0
17999,0
1195,0
20704,0
14005,0
11744,0
18493,0
15489,0
3976,0
197,0
1120,0
17602,0
9850,0
5196,0
11356,0
8132,0
1589,0
6614,0
20156,0
14972,0
1805,0
18558,0
7840,0
14929,0
12163,0
14675,0
3656,0
1777,0
16946,0
17605,0
8271,0
5140,0
8687,0
286,0
7846,0
10529,0
13770,0
18929,0
550,0
10841,0
2910,0
12348,0
20305,0
20711,0
3049,0
17325,0
19873,0
3754,0
10582,0
16772,0
4047,0
11608,0
8133,0
2453,0
13432,0
1980,0
18791,0
2068,0
16471,0
14400,0
8658,0
20786,0
17748,0
4446,0
13294,0
12448,0
8158,0
4692,0
9452,0
19908,0
7475,0
10310,0
20419,0
20212,0
17839,0
7118,0
16599,0
18809,0
3625,0
11803,0
9656,0
6536,0
9594,0
11466,0
15456,0
5212,0
12700,0
7072,0
3756,0
12302,0
13112,0
9935,0
15171,0
4022,0
7105,0
16404,0
2967,0
19735,0
9232,0
20282,0
18170,0
18110,0
1304,0
20771,0
8798,0
15911,0
17817,0
1374,0
13778,0
13598,0
8726,0
1136,0
5884,0
427,0
5513,0
20201,0
18328,0
340,0
3481,0
20485,0
5865,0
13593,0
20211,0
12625,0
3315,0
8884,0
13661,0
8350,0
19348,0
13935,0
16595,0
3650,0
6724,0
2974,0
12759,0
2960,0
4372,0
19439,0
130,0
12482,0
402,0
10394,0
21760,0
16559,0
6312,0
8612,0
12112,0
3009,0
16218,0
21796,0
18877,0
15300,0
10409,0
11319,0
14642,0
13362,0
16635,0
7111,0
20078,0
3270,0
10126,0
16998,0
20041,0
17759,0
10116,0
11149,0
21637,0
5771,0
12903,0
9881,0
609,0
10587,0
10382,0
20,0
7376,0
15402,0
20953,0
15870,0
20053,0
6933,0
12221,0
6502,0
2488,0
17632,0
7592,0
18900,0
7896,0
13134,0
11501,0
6291,0
4837,0
17995,0
16111,0
10856,0
14704,0
5346,0
1967,0
1776,0
16066,0
8833,0
3801,0
12923,0
10685,0
15701,0
19674,0
7020,0
8346,0
18656,0
1984,0
8399,0
12253,0
18336,0
17115,0
9528,0
20155,0
658,0
17449,0
752,0
2082,0
20697,0
16748,0
15585,0
18476,0
21492,0
17709,0
10424,0
19972,0
20943,0
3411,0
2228,0
5392,0
6670,0
3653,0
15861,0
5278,0
5439,0
4673,0
6336,0
2365,0
48,0
12212,0
7525,0
10331,0
21551,0
17269,0
17041,0
11326,0
7539,0
1945,0
19036,0
18322,0
6926,0
11481,0
4756,0
19518,0
11347,0
12478,0
21753,0
14908,0
16786,0
15909,0
4591,0
1872,0
16223,0
19393,0
6706,0
15187,0
19468,0
1214,0
17238,0
9230,0
16346,0
11445,0
19278,0
7758,0
8918,0
17672,0
17049,0
2541,0
12433,0
2913,0
1039,0
19841,0
21476,0
21181,0
21636,0
730,0
6892,0
11459,0
17256,0
13450,0
18542,0
17171,0
543,0
147,0
11574,0
16350,0
11794,0
242,0
5573,0
3596,0
9420,0
16247,0
7126,0
15291,0
1953,0
12953,0
1595,0
14170,0
4257,0
16160,0
15484,0
4120,0
2681,0
845,0
5955,0
13343,0
17063,0
1784,0
63,0
1,0
6947,0
16266,0
11937,0
13555,0
8144,0
2145,0
3666,0
13978,0
9661,0
12091,0
14855,0
9249,0
2272,0
9271,0
7913,0
4374,0
19825,0
7610,0
17151,0
19123,0
13741,0
13543,0
9210,0
19791,0
8899,0
8831,0
13679,0
9823,0
4202,0
12715,0
3450,0
15572,0
7251,0
20068,0
7370,0
6391,0
4991,0
20542,0
17971,0
414,0
13633,0
1176,0
5461,0
15575,0
17893,0
10480,0
18600,0
6847,0
16926,0
10812,0
8994,0
8084,0
20363,0
1515,0
8958,0
21191,0
7892,0
15576,0
11527,0
16870,0
13865,0
7739,0
8417,0
21610,0
16798,0
13873,0
13746,0
8936,0
13812,0
16013,0
5509,0
1414,0
1131,0
15454,0
11061,0
16367,0
9548,0
17656,0
1622,0
8689,0
5894,0
14534,0
19043,0
7164,0
8701,0
20047,0
3299,0
15634,0
7609,0
19296,0
7016,0
13916,0
12138,0
6254,0
16042,0
19221,0
10005,0
11682,0
8397,0
12560,0
10958,0
10034,0
21176,0
12358,0
423,0
12636,0
6546,0
20661,0
15250,0
19694,0
19999,0
484,0
3847,0
10871,0
1316,0
17665,0
4942,0
16405,0
15692,0
5954,0
10405,0
15101,0
1577,0
12644,0
19927,0
8310,0
14249,0
14810,0
10205,0
7923,0
1990,0
8059,0
20710,0
18351,0
16657,0
6463,0
16895,0
20649,0
122,0
2610,0
20970,0
2803,0
20051,0
954,0
11522,0
10106,0
1331,0
12734,0
15185,0
12340,0
4745,0
18347,0
1271,0
10194,0
4853,0
1692,0
18973,0
11645,0
11482,0
11844,0
10407,0
8044,0
2975,0
12432,0
10447,0
5922,0
14995,0
4742,0
7286,0
1209,0
6182,0
13264,0
16034,0
9003,0
14186,0
8011,0
1091,0
3121,0
12531,0
20326,0
20833,0
1534,0
18823,0
1412,0
12168,0
5849,0
16564,0
2615,0
2637,0
15364,0
7584,0
2665,0
10799,0
12030,0
21382,0
7443,0
17926,0
12785,0
19301,0
12594,0
17552,0
4897,0
9819,0
14673,0
20383,0
6229,0
4207,0
15608,0
17399,0
1768,0
7403,0
9647,0
20723,0
7781,0
19475,0
12492,0
18406,0
18143,0
5251,0
5666,0
21435,0
19294,0
13329,0
17797,0
18342,0
5546,0
1003,0
8115,0
18528,0
20914,0
13656,0
18939,0
12458,0
13379,0
10669,0
6761,0
12021,0
11559,0
12841,0
7577,0
2147,0
10609,0
2663,0
10548,0
10920,0
8411,0
4340,0
3195,0
21317,0
2954,0
18479,0
12545,0
9579,0
4246,0
2311,0
5486,0
10813,0
12563,0
16934,0
3796,0
6068,0
1281,0
7429,0
4437,0
5107,0
18961,0
19980,0
20989,0
8949,0
20778,0
6120,0
8874,0
17963,0
7205,0
4626,0
8591,0
223,0
3546,0
10646,0
2443,0
17670,0
21698,0
1973,0
1571,0
2282,0
2822,0
2022,0
6422,0
15129,0
12544,0
8671,0
20412,0
2557,0
21879,0
18011,0
20035,0
3345,0
903,0
9151,0
182,0
15607,0
11483,0
15609,0
1854,0
9836,0
8488,0
21177,0
15580,0
14944,0
19837,0
1459,0
17195,0
627,0
7720,0
3967,0
8070,0
1927,0
4984,0
20258,0
8901,0
19951,0
12671,0
3657,0
15662,0
15177,0
8957,0
7945,0
14256,0
21248,0
15950,0
11683,0
14436,0
19041,0
14307,0
4931,0
5528,0
14875,0
19216,0
10128,0
249,0
20717,0
18303,0
18663,0
4000,0
18747,0
17139,0
9573,0
5035,0
8089,0
2087,0
4981,0
12093,0
11388,0
14588,0
19326,0
2590,0
5720,0
15566,0
8452,0
5147,0
4528,0
5036,0
17996,0
13062,0
15681,0
4255,0
18065,0
20216,0
14760,0
15904,0
5598,0
17167,0
18891,0
9304,0
4230,0
7921,0
21500,0
15933,0
885,0
1040,0
2898,0
19433,0
7730,0
2446,0
8197,0
15916,0
17136,0
17794,0
8804,0
9326,0
2096,0
3858,0
19968,0
8844,0
3478,0
5291,0
1011,0
13417,0
5364,0
20747,0
20241,0
20396,0
9667,0
5315,0
9752,0
9361,0
13291,0
935,0
15172,0
16947,0
14461,0
20189,0
1344,0
20705,0
360,0
18537,0
20113,0
960,0
21061,0
1149,0
2955,0
2052,0
19409,0
2055,0
16008,0
14394,0
20870,0
20685,0
6347,0
16607,0
6166,0
18063,0
19923,0
9135,0
20127,0
15558,0
18639,0
10303,0
5980,0
7600,0
6951,0
20265,0
10507,0
16866,0
3609,0
21750,0
6789,0
16765,0
14634,0
6665,0
19015,0
6280,0
21153,0
8189,0
17141,0
18790,0
11571,0
11342,0
9685,0
2395,0
9771,0
20539,0
16103,0
11236,0
11475,0
15139,0
15404,0
15959,0
11884,0
18233,0
16889,0
9353,0
21485,0
3538,0
16070,0
15943,0
2747,0
8887,0
103,0
11404,0
1662,0
18396,0
17730,0
9279,0
21521,0
10824,0
10740,0
10793,0
8819,0
1695,0
12567,0
9568,0
11417,0
13872,0
5854,0
20450,0
269,0
519,0
17152,0
11014,0
8619,0
13811,0
19748,0
2359,0
6704,0
938,0
20735,0
16910,0
8823,0
19911,0
13907,0
5916,0
2135,0
4966,0
11787,0
21437,0
2775,0
12527,0
11542,0
3120,0
17116,0
16427,0
1211,0
17864,0
6716,0
1086,0
21083,0
10736,0
16360,0
11009,0
12285,0
5736,0
6077,0
12334,0
6244,0
3380,0
5555,0
1319,0
1770,0
15740,0
17850,0
9150,0
8366,0
13953,0
3563,0
21376,0
131,0
20414,0
8179,0
4881,0
14471,0
4919,0
8101,0
16705,0
12989,0
1624,0
15756,0
9682,0
1826,0
11226,0
11161,0
11133,0
6715,0
6533,0
12571,0
4603,0
20290,0
5866,0
10247,0
5793,0
2217,0
2996,0
3793,0
19576,0
9009,0
14509,0
7572,0
10785,0
16257,0
19010,0
9446,0
3941,0
16376,0
11508,0
4752,0
8690,0
5722,0
13944,0
4706,0
17347,0
5380,0
3224,0
6065,0
8816,0
16825,0
450,0
2265,0
12013,0
13645,0
9793,0
14823,0
12604,0
15389,0
536,0
12400,0
21233,0
15179,0
1837,0
11230,0
9459,0
16497,0
11058,0
18332,0
1891,0
19784,0
5204,0
8159,0
21063,0
18662,0
18084,0
12959,0
1689,0
5517,0
8157,0
11025,0
4615,0
6627,0
12899,0
16549,0
2450,0
15144,0
5118,0
14414,0
4823,0
6016,0
455,0
19499,0
19931,0
15397,0
3853,0
183,0
19359,0
17471,0
17343,0
7089,0
12746,0
21588,0
100,0
6207,0
18750,0
3743,0
7168,0
2765,0
834,0
18293,0
7666,0
1708,0
255,0
14108,0
20125,0
1303,0
14128,0
15757,0
9449,0
19989,0
17796,0
13419,0
3931,0
17566,0
14882,0
934,0
5993,0
15504,0
11851,0
20749,0
15067,0
8118,0
20662,0
8552,0
2010,0
13752,0
8361,0
5643,0
2875,0
19069,0
1038,0
21683,0
2705,0
4849,0
9335,0
3358,0
20709,0
9527,0
10889,0
14303,0
13272,0
14152,0
10216,0
18383,0
6731,0
14978,0
8199,0
12681,0
5001,0
12550,0
11505,0
15753,0
15734,0
1541,0
10070,0
2698,0
2287,0
5000,0
16547,0
12195,0
18760,0
16832,0
9510,0
16369,0
17193,0
6504,0
12367,0
10537,0
17557,0
17571,0
18319,0
17293,0
11933,0
10880,0
6137,0
14979,0
14947,0
9076,0
15209,0
7349,0
1334,0
7607,0
16277,0
11973,0
17219,0
1985,0
20936,0
2436,0
11353,0
9261,0
11639,0
19726,0
20515,0
16869,0
9247,0
8624,0
19187,0
3921,0
16612,0
5377,0
11489,0
7628,0
12257,0
8940,0
6069,0
2814,0
21431,0
537,0
6693,0
1140,0
11283,0
4117,0
469,0
9253,0
8391,0
6771,0
11748,0
15197,0
618,0
7862,0
1311,0
1013,0
16037,0
6530,0
5301,0
6426,0
3252,0
3548,0
7540,0
14933,0
14585,0
20361,0
5237,0
8055,0
7116,0
19347,0
9530,0
11926,0
2210,0
12082,0
7570,0
290,0
1122,0
2657,0
3479,0
16773,0
5764,0
11258,0
14881,0
18044,0
15678,0
5519,0
15770,0
12688,0
21875,0
3527,0
18763,0
21447,0
1836,0
11200,0
17687,0
9556,0
8145,0
1043,0
12399,0
15354,0
983,0
8142,0
7213,0
9241,0
20317,0
2597,0
13956,0
15200,0
4798,0
6025,0
4489,0
5145,0
20967,0
378,0
358,0
15085,0
14791,0
9595,0
17843,0
8500,0
16050,0
5538,0
14096,0
6550,0
10803,0
12188,0
2235,0
21189,0
19284,0
14604,0
5810,0
21161,0
18512,0
4353,0
9223,0
7317,0
6629,0
10347,0
8843,0
8232,0
8986,0
6545,0
12848,0
15772,0
13455,0
2719,0
8257,0
1257,0
7071,0
5386,0
2641,0
4319,0
20788,0
18913,0
2653,0
19398,0
18151,0
19658,0
10506,0
6919,0
1337,0
18860,0
114,0
19303,0
473,0
12975,0
12015,0
5223,0
11834,0
16122,0
18599,0
5867,0
4287,0
13696,0
15665,0
6558,0
12857,0
15258,0
18789,0
6174,0
18248,0
19358,0
21594,0
381,0
11224,0
10181,0
16292,0
17923,0
6199,0
21148,0
17712,0
17233,0
136,0
11336,0
20824,0
6700,0
19442,0
21183,0
12591,0
7200,0
17021,0
4746,0
14339,0
13876,0
12724,0
8067,0
9252,0
11718,0
2088,0
12115,0
15368,0
12069,0
3998,0
16416,0
6253,0
16620,0
13851,0
3289,0
21029,0
17633,0
426,0
17666,0
18667,0
21529,0
19399,0
9982,0
9240,0
4694,0
6518,0
13521,0
12541,0
20190,0
14145,0
6537,0
18611,0
8343,0
10193,0
4112,0
9710,0
9404,0
3215,0
30,0
18933,0
1834,0
20389,0
3659,0
16614,0
10040,0
21712,0
8030,0
6563,0
14845,0
20220,0
2198,0
11418,0
7489,0
11824,0
15212,0
3163,0
2340,0
10102,0
18257,0
654,0
7803,0
10523,0
3235,0
21157,0
2727,0
1114,0
6299,0
21850,0
17857,0
5027,0
374,0
2100,0
9153,0
2994,0
7752,0
10909,0
18465,0
1276,0
6603,0
13789,0
14371,0
4305,0
12402,0
7015,0
11294,0
2133,0
10045,0
19925,0
16533,0
19365,0
10873,0
17844,0
15293,0
12865,0
16172,0
16229,0
863,0
9251,0
9001,0
12248,0
7701,0
1721,0
10263,0
6668,0
12512,0
20269,0
14188,0
639,0
15105,0
4133,0
4623,0
567,0
11406,0
14035,0
8444,0
13686,0
4465,0
1306,0
5382,0
7733,0
5459,0
9110,0
4304,0
11994,0
11232,0
16305,0
13190,0
11075,0
14015,0
7661,0
11048,0
19913,0
21025,0
8395,0
16521,0
1796,0
14362,0
20683,0
19692,0
1058,0
1965,0
2630,0
15502,0
13034,0
4817,0
11864,0
8188,0
7357,0
19290,0
10698,0
11433,0
11765,0
19133,0
18581,0
21647,0
7463,0
17912,0
8618,0
6707,0
2544,0
7342,0
3885,0
15693,0
2276,0
10090,0
9815,0
421,0
285,0
999,0
19715,0
3182,0
5021,0
7101,0
9607,0
17035,0
8087,0
3835,0
19998,0
11217,0
4769,0
5686,0
3246,0
4282,0
14107,0
4534,0
20031,0
6905,0
12010,0
19792,0
17804,0
11314,0
19414,0
14988,0
21339,0
15096,0
12831,0
161,0
5427,0
6754,0
19163,0
15058,0
9712,0
683,0
112,0
5653,0
20548,0
15111,0
151,0
8117,0
6495,0
7901,0
3412,0
16621,0
10055,0
3978,0
7977,0
14095,0
19764,0
12716,0
12834,0
17833,0
18507,0
11855,0
14977,0
4316,0
8088,0
20043,0
12926,0
2662,0
19197,0
5703,0
16719,0
16494,0
3789,0
13573,0
7697,0
1277,0
18124,0
6260,0
6959,0
13022,0
10552,0
15874,0
5943,0
19719,0
117,0
17204,0
7554,0
10129,0
14748,0
1113,0
11978,0
16813,0
18306,0
13366,0
6221,0
17613,0
20082,0
17361,0
3652,0
16108,0
1256,0
3685,0
15715,0
16505,0
20769,0
18163,0
16368,0
2482,0
16458,0
19353,0
9526,0
12140,0
19525,0
830,0
9160,0
1603,0
13308,0
6519,0
3059,0
2779,0
6837,0
14492,0
12938,0
20893,0
20980,0
15778,0
14514,0
16112,0
18591,0
14418,0
17306,0
21744,0
15303,0
19548,0
16552,0
15970,0
14816,0
18543,0
1922,0
13242,0
12883,0
13226,0
18806,0
8198,0
9873,0
16480,0
20900,0
20229,0
3852,0
3939,0
10995,0
7639,0
9756,0
16672,0
9643,0
2241,0
3497,0
7732,0
3608,0
15538,0
6154,0
1321,0
15245,0
21186,0
8183,0
5381,0
5818,0
7745,0
6116,0
14252,0
20493,0
169,0
7304,0
9899,0
12514,0
13793,0
15281,0
16615,0
8324,0
4951,0
21336,0
399,0
21335,0
13333,0
11818,0
150,0
3070,0
18448,0
95,0
11143,0
16783,0
6751,0
15948,0
6798,0
14544,0
17419,0
15330,0
1497,0
20882,0
8828,0
20790,0
10011,0
8982,0
4886,0
5906,0
20973,0
13535,0
14174,0
9162,0
19459,0
20343,0
3747,0
19374,0
17543,0
14276,0
11019,0
1676,0
7590,0
14851,0
4901,0
19920,0
1930,0
4902,0
10301,0
8026,0
8577,0
11168,0
18435,0
5569,0
1968,0
19474,0
11699,0
21534,0
1635,0
7034,0
8795,0
12835,0
8705,0
11199,0
3319,0
20916,0
11716,0
1480,0
623,0
6247,0
927,0
1499,0
7301,0
11655,0
11961,0
14741,0
13279,0
11627,0
18366,0
16272,0
18959,0
14685,0
21577,0
1333,0
15478,0
5150,0
7169,0
20004,0
2689,0
1715,0
20180,0
12649,0
2060,0
6699,0
11322,0
10864,0
16318,0
17104,0
7975,0
3856,0
11846,0
4114,0
9871,0
6050,0
17222,0
4786,0
2716,0
13376,0
13588,0
317,0
1924,0
19508,0
9196,0
14813,0
16707,0
13045,0
19897,0
20802,0
2819,0
18725,0
951,0
9098,0
11321,0
11204,0
16473,0
14144,0
15920,0
31,0
21717,0
9004,0
1640,0
11201,0
8655,0
21159,0
17737,0
6452,0
10978,0
17538,0
19052,0
4457,0
14130,0
7538,0
5928,0
15451,0
9388,0
8897,0
11648,0
11449,0
1966,0
8493,0
19014,0
1585,0
2026,0
11806,0
19193,0
7192,0
10509,0
14516,0
3570,0
12684,0
4964,0
7761,0
2382,0
20022,0
9200,0
6057,0
2929,0
18338,0
18006,0
5837,0
18603,0
